COMPRESSION STRAIGHT REDUCING COUPLER	22x15mm
COMPRESSION ELBOW CXC	15mm
COMPRESSION ELBOW CXC	22mm
COMPRESSION REDUCING ELBOW CXC	22x15mm
COMPRESSION STRAIGHT COUPLER CXC	15mm
COMPRESSION STRAIGHT COUPLER CXC	22mm
COMPRESSION STRAIGHT MALE COUPLER MIXC	15mm
COMPRESSION STRAIGHT FEMALE COUPLER CXFI	22mm
COMPRESSION FEMALE ELBOW CXFI	15mm
COMPRESSION FEMALE ELBOW CXFI	22mm
PLUMLINE LEVER BALL VALVE CXC DZR	15mm
PLUMLINE LEVER BALL VALVE CXC DZR	22mm
GARDEN HOSE TAP & COUPLING BROWN PC15B	15X20mm
GARDEN HOSE TAP & COUPLING BROWN PC22B	20X20mm
PLUMLINE WAX PAN SEAL RING WHITE	-
"PLUMLINE FRONT FLUSH CLOSE COUPLE BIBO MECHANISM
COMPLE"	-
DUTTON FD16B ELF LL CISTERN & PLASTIC HAND &FLUSH PIPE	-
PROCLOSE PCST15 BROWN STOP TAP CXC	15mm
PROCLOSE PCST15 BROWN STOP TAP CXC	20mm
DUTTON FP12B SUPA FLUSH VALVE & HANDLE ASSY & HOOK	-
PLUMLINE RUBBER BUNG FLUSHPIPE CONNECTOR	PK
PLUMLINE RUBBER CLOSET CONE WHITE	PK
GENEBRE PREMIUM PTFE TAPE	50MX19mmx0.100mm
POLYCOP PIPE CLASS10	22X50m RL
POLYCOP PIPE CLASS10	15X100m RL
GALVANISED BARREL NIPPLE	22mm 
GALVANISED BARREL NIPPLE	15mm
GALVANISED ELBOW FXF 90 DEGREE	15mm
GALVANISED ELBOW FXF 90 DEGREE	22mm
COMPRESSION EQUAL TEE CXCXC	15mm
COMPRESSION EQUAL TEE CXCXC	22mm
POLYCOP MASTERBAT	15mm
RUBBER TAP WASHER	15mm
RUBBER TAP WASHER	20mm
POLYCOP MASTERBAT	22mm
PVC SV PAN CONNECTOR 110MM STRAIGHT RR S110PC	110mm
PLUMLINE SILICONE SEALER CLEAR 260ML	-
SILICON GUN	-
POWER DRILLING MACHINE	
MESONARY DRILL BITS	6mm